Company,position,location,link
OpenCraft,"Senior Open Source Developer & DevOps (Python, Django, React, AWS/OpenStack)",Anywhere in the World,https://weworkremotely.com//remote-jobs/opencraft-senior-open-source-developer-devops-python-django-react-aws-openstack
Optimile,(Senior) Python Full Stack Software Developer,Europe Only,https://weworkremotely.com//remote-jobs/optimile-senior-python-full-stack-software-developer
AssemblyAI (YC 17),"Senior Software Engineer, Python",Anywhere in the World,https://weworkremotely.com//remote-jobs/assemblyai-yc-17-senior-software-engineer-python
"TheoremOne, LLC",Senior Backend Engineer - Python,Anywhere in the World,https://weworkremotely.com//remote-jobs/theoremone-llc-senior-backend-engineer-python
Ebury,Senior Python Developer - Full Remote ,Latin America Only/Europe Only,https://weworkremotely.com//remote-jobs/ebury-senior-python-developer-full-remote-1
"UpStack Technologies, Inc.",Python Developer - Remote,Americas Only/Europe Only,https://weworkremotely.com//remote-jobs/upstack-technologies-inc-python-developer-remote
TestGorilla,Senior Backend Engineer (Python),Anywhere in the World,https://weworkremotely.com//remote-jobs/testgorilla-senior-backend-engineer-python-7
TestGorilla,Backend Engineer (Python),Anywhere in the World,https://weworkremotely.com//remote-jobs/testgorilla-backend-engineer-python-6
Lemon.io,Python Developer,Latin America Only/Europe Only,https://weworkremotely.com//remote-jobs/lemon-io-python-developer-1
Doximity,Python Platform Engineer,Americas Only,https://weworkremotely.com//remote-jobs/doximity-python-platform-engineer
Cerity Partners LLC,Backend Engineer - Integrations (Python),USA Only,https://weworkremotely.com//remote-jobs/cerity-partners-llc-backend-engineer-integrations-python
Iterative,Senior Software Engineer,ğŸŒ Worldwide,https://remoteok.com//remote-jobs/99244-remote-senior-software-engineer-iterative
Commit,Senior Full Stack Developer,ğŸ‡¨ğŸ‡¦ Canada,https://remoteok.com//remote-jobs/114277-remote-senior-full-stack-developer-commit
Kaia Health,Controller,ğŸ‡ºğŸ‡¸ United States,https://remoteok.com//remote-jobs/114218-remote-controller-kaia-health
Kaia Health,IT Support Engineer,ğŸ‡ºğŸ‡¸ United States,https://remoteok.com//remote-jobs/114217-remote-it-support-engineer-kaia-health
CannonDesign,Project Manager,ğŸ‡ºğŸ‡¸ United States,https://remoteok.com//remote-jobs/114216-remote-project-manager-cannondesign
AccuWeather Careers,Data Operations Engineer III Weather Technology,ğŸ‡ºğŸ‡¸ United States,https://remoteok.com//remote-jobs/114215-remote-data-operations-engineer-iii-weather-technology-accuweather-careers
Constant Contact,Program Analyst Customer Success,ğŸ‡ºğŸ‡¸ United States,https://remoteok.com//remote-jobs/114214-remote-program-analyst-customer-success-constant-contact
PagerDuty,Sales Operations Analyst,ğŸ‡ºğŸ‡¸ United States,https://remoteok.com//remote-jobs/114212-remote-sales-operations-analyst-pagerduty
Checkr,Associate Litigation Counsel,ğŸ‡ºğŸ‡¸ United States,https://remoteok.com//remote-jobs/114211-remote-associate-litigation-counsel-checkr
Checkr,Senior Business Recruiter,ğŸ‡ºğŸ‡¸ United States,https://remoteok.com//remote-jobs/114210-remote-senior-business-recruiter-checkr
Dataminr,Account Executive Cyber Threat Intelligence,ğŸ‡ºğŸ‡¸ United States,https://remoteok.com//remote-jobs/114209-remote-account-executive-cyber-threat-intelligence-dataminr
Hyperscience,Product Marketing Specialist,US-East Coast Time Zone - Remote,https://remoteok.com//remote-jobs/114208-remote-product-marketing-specialist-hyperscience
Lucidworks,VP of Product Management,ğŸ‡ºğŸ‡¸ United States,https://remoteok.com//remote-jobs/114207-remote-vp-of-product-management-lucidworks
Constant Contact,Partner Success Lead,ğŸ‡ºğŸ‡¸ United States,https://remoteok.com//remote-jobs/114206-remote-partner-success-lead-constant-contact
Moogsoft,Senior Director of Demand Generation,ğŸ‡ºğŸ‡¸ United States,https://remoteok.com//remote-jobs/114205-remote-senior-director-of-demand-generation-moogsoft
"Loom, Inc.",Senior Product Manager Billing & Monetization,ğŸ‡ºğŸ‡¸ United States,https://remoteok.com//remote-jobs/114204-remote-senior-product-manager-billing-monetization-loom-inc
Blend,Social Media Manager,ğŸ‡ºğŸ‡¸ United States,https://remoteok.com//remote-jobs/114203-remote-social-media-manager-blend
AccuWeather Careers,Data Engineer III,ğŸ‡ºğŸ‡¸ United States,https://remoteok.com//remote-jobs/114202-remote-data-engineer-iii-accuweather-careers
AvantStay,Owner Experience Agent,ğŸ‡µğŸ‡­ Philippines,https://remoteok.com//remote-jobs/114201-remote-owner-experience-agent-avantstay
